{"cameraMode":{"drawMode":0,"name":"Shaded","section":"Shading Mode"},"sceneLighting":true,"audioPlay":false,"sceneViewState":{"m_AlwaysRefresh":false,"showFog":true,"showSkybox":true,"showFlares":true,"showImageEffects":true,"showParticleSystems":true,"showVisualEffectGraphs":true,"m_FxEnabled":true},"in2DMode":false,"pivot":{"x":569.1919555664063,"y":265.77239990234377,"z":269.26544189453127},"rotation":{"x":-0.06026844680309296,"y":0.01288719940930605,"z":-0.0007790332310833037,"w":-0.998094379901886},"size":464.686279296875,"orthographic":false}